sample_id	age
s1	76
s2	46
s3	10
s4	46
s5	31
s6	66
s8	43
s9	9
s10	47
s13	5
s14	36
s16	48
s17	49
s18	15
s19	10
s20	25
s24	7
s26	63
s27	39
s28	35
s29	42
s30	18
s31	26
s32	10
s33	41
s34	8
s35	34
s36	7
s37	14
s38	42
s41	37
s42	6
s43	6
s46	10
s47	9
s48	10
s49	15
s50	35
s51	38
s52	36
s53	33
s54	32
s55	5
s57	33
s58	27
s59	18
s60	33
s61	40
s64	12
s66	35
s67	36
s68	13
s69	53
s73	17
s74	13
s75	68
s76	75
s77	32
s78	50
s79	61
s82	32
s83	15
s84	73
s85	53
s87	76
s91	75
s92	15
s93	15
s94	48
s95	36
